<PTF>
<Site Name="VEHU MASTER" FacilityNumber="500" Domain="GOLD.VAINNOVATION.US" Division="VEHU DIVISION"/>
<Patient>
<Key Field=".01" RecNum="11" PatientDfn="10"/>
<Number value="11"/>
<Patient value="ZZZRETIREDSIXTYEIGHT,PATIENT"/>
<AdmissionDate value="AUG 29, 1988@15:00"/>
<InternalAdmissionN value="345"/>
<WardAtDischarge value="NHCU"/>
<Facility value="500"/>
<Suffix value="9AA"/>
<Status value="Released"/>
<CloseOutFile value="ZZZRETIREDSIXTYEIGHT,PATIENT"/>
<CloseOutDate value="SEP 06, 1994@09:38"/>
<ReleaseDate value="SEP 06, 1994"/>
<Drg value="134"/>
<MeansTestIndicator value="SERVICE CONNECTED"/>
<TypeOfRecord value="PTF"/>
<SourceOfAdmission value="1M"/>
<CategoryOfBeneficiary value="7"/>
<DischargeDate value="OCT 30, 1988@09:00"/>
<DischargeSpecialty value="NHCU"/>
<TypeOfDisposition value="NBC OR WHILE ASIH"/>
<DischargeStatus value="ASIH"/>
<OutpatientTreatment value="NO"/>
<VaAuspices value="NO"/>
<PlaceOfDisposition value="RETURN TO COMMUNITYINDEPENDENT"/>
<AsihDays value="28"/>
<CpStatus value="COMP/SC COND 10%"/>
<PrincipalDiagnosis value="401.9"/>
<PrincipalDiagnosis5 value="401.9"/>
<TreatedForScCondition value="YES"/>
<PotentiallyRelatedToCombat value="YES"/>
<SubstanceAbuse value="Marijuana"/>
<PsychiatryClassSeverity value="MILD"/>
<Los value="62"/>
<TerminalDigit value="987654321"/>
<Income value="0"/>
<SuicideSelfInflictIndicator value="Attempted Suicide"/>
<FLD501>
<MovementRecord>
<MovementRecord value="1"/>
<LosingSpecialty value="NHCU"/>
<LeaveDays value="0"/>
<PassDays value="0"/>
<Icd1 value="401.9"/>
<MovementDate value="OCT 30, 1988@09:00"/>
<SpecialtyCdr value="1410"/>
<TreatedForScCondition value="NO"/>
<TransferDrg value="DRG134"/>
<LosingService value="NH"/>
<TransferDate value="OCT 30, 1988@09:00"/>
<LosInService value="62"/>
<Provider value="PROVIDER,ONE"/>
<CumulativeLos value="62"/>
</MovementRecord>
</FLD501>
<CODING_CLERK>
<CodingClerk>
<CodingClerk value="WARDCLERK,SEVENTYSEVEN"/>
</CodingClerk>
</CODING_CLERK>
<CODING_CLERK>
<CodingClerk>
<CodingClerk value="WARDCLERK,SEVENTYSEVEN"/>
</CodingClerk>
</CODING_CLERK>
</Patient>
</PTF>
