<PTF>
<Site Name="VEHU MASTER" FacilityNumber="500" Domain="GOLD.VAINNOVATION.US" Division="VEHU DIVISION"/>
<Patient>
<Key Field=".01" RecNum="39" PatientDfn="5"/>
<Number value="39"/>
<Patient value="ZZZRETIREDFIFTYSEVEN,PATIENT"/>
<AdmissionDate value="MAY 17, 1989@18:00"/>
<InternalAdmissionN value="40"/>
<WardAtDischarge value="ALCOHOL"/>
<Facility value="500"/>
<Status value="Open"/>
<MeansTestIndicator value="MT COPAY REQUIRED"/>
<TypeOfRecord value="PTF"/>
<DischargeDate value="OCT 08, 1991@07:00"/>
<DischargeSpecialty value="ALCOHOL DEPENDENCE TRMT UNIT"/>
<TypeOfDisposition value="REGULAR"/>
<Los value="874"/>
<TerminalDigit value="987654321"/>
<FLD501>
<MovementRecord>
<MovementRecord value="1"/>
<LosingSpecialty value="ALCOHOL DEPENDENCE TRMT UNIT"/>
<LeaveDays value="821"/>
<PassDays value="0"/>
<MovementDate value="OCT 08, 1991@07:00"/>
<SpecialtyCdr value="1311"/>
<LosingService value="P"/>
<TransferDate value="OCT 08, 1991@07:00"/>
<LosInService value="53"/>
<Provider value="PROVIDER,THIRTEEN"/>
<CumulativeLos value="53"/>
</MovementRecord>
</FLD501>
<FLD535>
<PhysicalMovement>
<PhysicalMovement value="1"/>
<LosingWardSpecialty value="ALCOHOL DEPENDENCE TRMT UNIT"/>
<LeaveDays value="0"/>
<PassDays value="0"/>
<LosingWard value="ALCOHOL"/>
<DischargeMovement value="YES"/>
<MovementDate value="OCT 08, 1991@07:00"/>
<LosingWardCdr value="1311"/>
</PhysicalMovement>
</FLD535>
</Patient>
</PTF>
