<PTF>
<Site Name="VEHU MASTER" FacilityNumber="500" Domain="GOLD.VAINNOVATION.US" Division="VEHU DIVISION"/>
<Patient>
<Key Field=".01" RecNum="44" PatientDfn="6"/>
<Number value="44"/>
<Patient value="ZZZRETIREDFIFTYTHREE,PATIENT"/>
<AdmissionDate value="MAY 02, 1990@13:00"/>
<InternalAdmissionN value="296"/>
<WardAtDischarge value="ICU/CCU"/>
<Facility value="500"/>
<Status value="Open"/>
<MeansTestIndicator value="MT COPAY REQUIRED"/>
<TypeOfRecord value="PTF"/>
<DischargeDate value="AUG 09, 1990@11:00"/>
<DischargeSpecialty value="GENERAL(ACUTE MEDICINE)"/>
<TypeOfDisposition value="REGULAR"/>
<DischargeStatus value="BED OCCUPANT"/>
<Los value="99"/>
<TerminalDigit value="987654321"/>
<HighLevelPsychClass value="88"/>
<FLD501>
<MovementRecord>
<MovementRecord value="1"/>
<LosingSpecialty value="GENERAL(ACUTE MEDICINE)"/>
<LeaveDays value="0"/>
<PassDays value="0"/>
<MovementDate value="AUG 09, 1990@11:00"/>
<SpecialtyCdr value="1110"/>
<LosingService value="M"/>
<TransferDate value="AUG 09, 1990@11:00"/>
<LosInService value="99"/>
<CumulativeLos value="99"/>
</MovementRecord>
</FLD501>
</Patient>
</PTF>
