<PTF>
<Site Name="VEHU MASTER" FacilityNumber="500" Domain="GOLD.VAINNOVATION.US" Division="VEHU DIVISION"/>
<Patient>
<Key Field=".01" RecNum="99992" PatientDfn=""/>
<Number value="99992"/>
<Patient value="ZZZRETFOURFORTYONE,PATIENT"/>
<AdmissionDate value="JAN 10, 1988@09:00"/>
<InternalAdmissionN value="282"/>
<WardAtDischarge value="GEN MED"/>
<Facility value="500"/>
<Suffix value="9AA"/>
<Status value="Open"/>
<CloseOutFile value="ZZZRETIREDFIFTYTHREE,PATIENT"/>
<CloseOutDate value="SEP 06, 1994@09:36"/>
<ReleaseDate value="SEP 06, 1994"/>
<Drg value="294"/>
<MeansTestIndicator value="NSC MT COPAY EXEMPT"/>
<TypeOfRecord value="PTF"/>
<SourceOfAdmission value="1M"/>
<SourceOfPayment value="PAID UNAUTH"/>
<CategoryOfBeneficiary value="7"/>
<DischargeDate value="FEB 09, 1988@11:51"/>
<DischargeSpecialty value="GENERAL(ACUTE MEDICINE)"/>
<TypeOfDisposition value="REGULAR"/>
<DischargeStatus value="BED OCCUPANT"/>
<OutpatientTreatment value="NO"/>
<VaAuspices value="NO"/>
<PlaceOfDisposition value="OTHER PLACEMENT/UNKNOWN (NOT SPECIFIED)"/>
<AsihDays value="0"/>
<CpStatus value="COMP/SC COND 10%"/>
<PrincipalDiagnosis value="250.10"/>
<SecondaryDiagnosis1 value="427.60"/>
<TreatedForScCondition value="YES"/>
<TreatedForAoCondition value="YES"/>
<TreatedForIrCondition value="Yes"/>
<ExposedToSwAsiaConditions value="YES"/>
<TreatmentForMst value="YES"/>
<TreatmentForHeadNeckCa value="YES"/>
<TreatmentForShad value="YES"/>
<Legionnaire_sDisease value="YES"/>
<PotentiallyRelatedToCombat value="YES"/>
<SubstanceAbuse value="Heroin"/>
<PsychiatryClassSeverity value="INADAQUATE INFORMATION OR NO CHANGE IN CONDITION"/>
<HighLevelPsychClass value="50"/>
<SuicideSelfInflictIndicator value="Attempted Suicide"/>
<PrincipalDiagnosisPre1986 value="250.10"/>
<Los value="30"/>
<TerminalDigit value="123456789"/>
<Income value="0"/>
<AustinAcceptance value="FEB 25, 1988"/>
<FLD501>
<MovementRecord>
<MovementRecord value="1"/>
<LosingSpecialty value="GENERAL(ACUTE MEDICINE)"/>
<LeaveDays value="0"/>
<PassDays value="0"/>
<Icd1 value="250.10"/>
<Icd2 value="427.31"/>
<Icd3 value="427.60"/>
<MovementDate value="FEB 09, 1988@11:51"/>
<SpecialtyCdr value="1110"/>
<TreatedForScCondition value="YES"/>
<TransferDrg value="DRG294"/>
<LosingService value="M"/>
<TransferDate value="FEB 09, 1988@11:51"/>
<LosInService value="30"/>
<Provider value="PROVIDER,NINE"/>
<CumulativeLos value="30"/>
<BedOccupancyStatus value="BED OCCUPANT"/>
</MovementRecord>
</FLD501>
<CODING_CLERK>
<CodingClerk>
<CodingClerk value="WARDCLERK,SEVENTYSEVEN"/>
</CodingClerk>
</CODING_CLERK>
<FLD501>
<MovementRecord>
<MovementRecord value="2"/>
<LosingSpecialty value="GENERAL(ACUTE MEDICINE)"/>
<LeaveDays value="0"/>
<PassDays value="0"/>
<Icd1 value="427.60"/>
<MovementDate value="JAN 20, 1988@13:00"/>
<SpecialtyCdr value="1110"/>
<TreatedForScCondition value="YES"/>
<BedOccupancyStatus value="BED OCCUPANT"/>
</MovementRecord>
</FLD501>
<CODING_CLERK>
<CodingClerk>
<CodingClerk value="WARDCLERK,SEVENTYSEVEN"/>
</CodingClerk>
</CODING_CLERK>
<FLD501>
<MovementRecord>
<MovementRecord value="3"/>
<LosingSpecialty value="MEDICAL ICU"/>
<LeaveDays value="0"/>
<PassDays value="0"/>
<Icd1 value="250.10"/>
<Icd2 value="920."/>
<Icd3 value="427.5"/>
<MovementDate value="JAN 30, 1988@09:30"/>
<SpecialtyCdr value="1117"/>
<TreatedForScCondition value="YES"/>
<BedOccupancyStatus value="BED OCCUPANT"/>
</MovementRecord>
</FLD501>
<CODING_CLERK>
<CodingClerk>
<CodingClerk value="PROVIDER,THIRTYNINE"/>
</CodingClerk>
</CODING_CLERK>
</Patient>
</PTF>
