<PTF>
<Site Name="VEHU MASTER" FacilityNumber="500" Domain="GOLD.VAINNOVATION.US" Division="VEHU DIVISION"/>
<Patient>
<Key Field=".01" RecNum="47" PatientDfn="499999"/>
<Number value="47"/>
<Patient value="MARTIN,THOMAS H"/>
<AdmissionDate value="JUN 21, 1989@09:00"/>
<InternalAdmissionN value="305"/>
<WardAtDischarge value="3 NORTH GASTRO"/>
<Facility value="500"/>
<Status value="Released"/>
<CloseOutFile value="ZZZRETFOURTWENTYSEVEN,PATIENT"/>
<CloseOutDate value="AUG 28, 1989@14:58"/>
<ReleaseDate value="OCT 02, 1991"/>
<Drg value="468"/>
<MeansTestIndicator value="NSC MT COPAY EXEMPT"/>
<TypeOfRecord value="PTF"/>
<SourceOfAdmission value="1P"/>
<CategoryOfBeneficiary value="C"/>
<DischargeDate value="JUN 29, 1989@14:53"/>
<DischargeSpecialty value="GENERAL(ACUTE MEDICINE)"/>
<TypeOfDisposition value="REGULAR"/>
<DischargeStatus value="BED OCCUPANT"/>
<VaAuspices value="NO"/>
<PlaceOfDisposition value="HOMEBASED PRIMARY CARE (HBPC)"/>
<CpStatus value="NONCOMP/SC COND10%"/>
<SuicideSelfInflictIndicator value="Self Inflicted Injury"/>
<PrincipalDiagnosis value="821.00"/>
<SecondaryDiagnosis1 value="800.02"/>
<SecondaryDiagnosis2 value="703.0"/>
<PrincipalDiagnosisPre1986 value="733.1"/>
<Los value="8"/>
<TerminalDigit value="111102666"/>
<HighLevelPsychClass value="51"/>
<PsychiatryClassSeverity value=''/>
<FLD401>
<SurgeryProcedureDate>
<SurgeryProcedureDate value="JUN 29, 1989"/>
<SurgeryOrProcedure value="SURGERY"/>
<SurgicalSpecialty value="50"/>
<CategoryOfChiefSurg value="CONSULTANT"/>
<CategoryOfFirstAssistant value="STAFF, FT"/>
<PrincipalAnestheticTechnique value="INHALATION(CIRCLE ABSORBER)"/>
<OperationCode1 value="30.01"/>
</SurgeryProcedureDate>
</FLD401>
<FLD501>
<MovementRecord>
<MovementRecord value="1"/>
<LosingSpecialty value="GENERAL(ACUTE MEDICINE)"/>
<LeaveDays value="3"/>
<PassDays value="0"/>
<Icd1 value="821.00"/>
<Icd2 value="921.0"/>
<Icd3 value="923.00"/>
<Icd4 value="924.00"/>
<MovementDate value="JUN 29, 1989@14:53"/>
<TransferDrg value="DRG468"/>
<LosingService value="M"/>
<TransferDate value="JUN 29, 1989@14:53"/>
<LosInService value="5"/>
<Provider value="PROGRAMMER,TWENTYEIGHT"/>
<CumulativeLos value="5"/>
</MovementRecord>
</FLD501>
<CODING_CLERK>
<CodingClerk>
<CodingClerk value="PROVIDER,FIFTYSEVEN"/>
</CodingClerk>
</CODING_CLERK>
<CODING_CLERK>
<CodingClerk>
<CodingClerk value="PROVIDER,FORTY"/>
</CodingClerk>
</CODING_CLERK>
</Patient>
</PTF>
