<PTF>
<Site Name="VEHU MASTER" FacilityNumber="500" Domain="GOLD.VAINNOVATION.US" Division="VEHU DIVISION"/>
<Patient>
<Key Field=".01" RecNum="38" PatientDfn="6"/>
<Number value="38"/>
<Patient value="ZZZRETIREDFIFTYTHREE,PATIENT"/>
<AdmissionDate value="MAY 17, 1989@17:30"/>
<InternalAdmissionN value="292"/>
<WardAtDischarge value="NHCU"/>
<Facility value="500"/>
<Suffix value="9AA"/>
<Status value="Closed"/>
<ClosedOutBy value="PROVIDER,SEVENTYTHREE"/>
<CloseOutFile value="ZZZRETIREDFIFTYTHREE,PATIENT"/>
<CloseOutDate value="JAN 29, 1999@13:04"/>
<Drg value="20"/>
<MeansTestIndicator value="MT COPAY REQUIRED"/>
<TypeOfRecord value="PTF"/>
<SourceOfAdmission value="4A"/>
<AdmittingEligibility value="NSC"/>
<TransferringFacility value="513"/>
<TransferringSuffix value="9A0"/>
<SourceOfPayment value="SHARING"/>
<CategoryOfBeneficiary value="T"/>
<DischargeDate value="JUN 01, 1990@13:00"/>
<DischargeSpecialty value="SPINAL CORD INJURY"/>
<TypeOfDisposition value="NBC OR WHILE ASIH"/>
<DischargeStatus value="ASIH"/>
<VaAuspices value="NO"/>
<PlaceOfDisposition value="COMMUNITY HOSPITAL"/>
<AsihDays value="30"/>
<CpStatus value="NONCOMP/SC COND10%"/>
<PrincipalDiagnosis value="100.89"/>
<PrincipalDiagnosisPre1986 value="100.89"/>
<Los value="380"/>
<TerminalDigit value="987654321"/>
<Income value="76233"/>
<HighLevelPsychClass value="8"/>
<FLD501>
<MovementRecord>
<MovementRecord value="1"/>
<LosingSpecialty value="SPINAL CORD INJURY"/>
<LeaveDays value="0"/>
<PassDays value="0"/>
<Icd1 value="100.89"/>
<MovementDate value="JUN 01, 1990@13:00"/>
<SpecialtyCdr value="1116"/>
<TransferDrg value="DRG20"/>
<LosingService value="SCI"/>
<TransferDate value="JUN 01, 1990@13:00"/>
<LosInService value="380"/>
<Provider value="PROVIDER,THIRTEEN"/>
<CumulativeLos value="380"/>
</MovementRecord>
</FLD501>
<CODING_CLERK>
<CodingClerk>
<CodingClerk value="PROVIDER,SEVENTYTHREE"/>
</CodingClerk>
</CODING_CLERK>
</Patient>
</PTF>
