<PTF>
<Site Name="VEHU MASTER" FacilityNumber="500" Domain="GOLD.VAINNOVATION.US" Division="VEHU DIVISION"/>
<Patient>
<Key Field=".01" RecNum="36" PatientDfn="24"/>
<Number value="36"/>
<Patient value="ZZZRETSIXTEN,PATIENT"/>
<AdmissionDate value="MAY 16, 1989@14:11"/>
<InternalAdmissionN value="246"/>
<WardAtDischarge value="INACTIVE(2 NHCU)"/>
<Facility value="500"/>
<Suffix value="9AA"/>
<Status value="Transmitted"/>
<CloseOutFile value="ZZZRETIREDONEEIGHTEEN,PATIENT"/>
<CloseOutDate value="JUN 27, 1989@09:34"/>
<ReleaseDate value="JUN 27, 1989"/>
<TransmissionDate value="JUN 27, 1989"/>
<Drg value="69"/>
<MeansTestIndicator value="NOT DONE/COMPLETED"/>
<TypeOfRecord value="PTF"/>
<SourceOfAdmission value="1P"/>
<CategoryOfBeneficiary value="C"/>
<DischargeDate value="MAY 18, 1989@12:23"/>
<DischargeSpecialty value="GASTROENTEROLOGY"/>
<TypeOfDisposition value="REGULAR"/>
<DischargeStatus value="BED OCCUPANT"/>
<VaAuspices value="NO"/>
<PlaceOfDisposition value="HOMEBASED PRIMARY CARE (HBPC)"/>
<AsihDays value="0"/>
<CpStatus value="NONCOMP/SC COND10%"/>
<PrincipalDiagnosis value="382.00"/>
<PrincipalDiagnosisPre1986 value="160.1"/>
<Los value="2"/>
<TerminalDigit value="777567666"/>
<SubstanceAbuse value='Heroin'/>
<SuicideSelfInflictIndicator value=''/>
<PsychiatryClassSeverity value=''/>
<FLD501>
<MovementRecord>
<MovementRecord value="1"/>
<LosingSpecialty value="GASTROENTEROLOGY"/>
<LeaveDays value="0"/>
<PassDays value="0"/>
<Icd1 value="382.00"/>
<MovementDate value="MAY 18, 1989@12:23"/>
<TransferDrg value="DRG69"/>
<LosingService value="M"/>
<TransferDate value="MAY 18, 1989@12:23"/>
<LosInService value="2"/>
<Provider value="PROGRAMMER,TWENTYEIGHT"/>
<CumulativeLos value="2"/>
</MovementRecord>
</FLD501>
<CODING_CLERK>
<CodingClerk>
<CodingClerk value="PROVIDER,FIFTYSEVEN"/>
</CodingClerk>
</CODING_CLERK>
<CODING_CLERK>
<CodingClerk>
<CodingClerk value="PROVIDER,FIFTYSEVEN"/>
</CodingClerk>
</CODING_CLERK>
</Patient>
</PTF>
