<PTF>
<Site Name="VEHU MASTER" FacilityNumber="500" Domain="GOLD.VAINNOVATION.US" Division="VEHU DIVISION"/>
<Patient>
<Key Field=".01" RecNum="15" PatientDfn="21"/>
<Number value="15"/>
<Patient value="ZZZRETFOURSIXTYFIVE,PATIENT"/>
<AdmissionDate value="NOV 16, 1988@19:00"/>
<InternalAdmissionN value="136"/>
<WardAtDischarge value="PSYCHIATRY"/>
<Facility value="500"/>
<Status value="Open"/>
<Drg value="470"/>
<MeansTestIndicator value="NSC MT COPAY EXEMPT"/>
<TypeOfRecord value="PTF"/>
<SourceOfAdmission value="1M"/>
<DischargeDate value="OCT 03, 1991@13:00"/>
<DischargeSpecialty value="LONG TERM PSYCHIATRY(45 DAYS)"/>
<TypeOfDisposition value="REGULAR"/>
<DischargeStatus value="BED OCCUPANT"/>
<OutpatientTreatment value="NO"/>
<VaAuspices value="NO"/>
<PlaceOfDisposition value="RETURN TO COMMUNITYINDEPENDENT"/>
<CpStatus value="NO PENSIONNO SC"/>
<PrincipalDiagnosis value="401.9"/>
<PrincipalDiagnosis10 value="401.9"/>
<TreatedForScCondition value="YES"/>
<Los value="1051"/>
<TerminalDigit value="987654321"/>
<Income value="100"/>
<PsychiatryClassSeverity value="MILD"/>
<CurrentFunctionalAssessment value="0"/>
<HighLevelPsychClass value="45"/>
<SubstanceAbuse value=''/>
<SuicideSelfInflictIndicator value=''/>
<FLD501>
<MovementRecord>
<MovementRecord value="1"/>
<LosingSpecialty value="LONG TERM PSYCHIATRY(45 DAYS)"/>
<LeaveDays value="0"/>
<PassDays value="0"/>
<Icd1 value="295.71"/>
<MovementDate value="OCT 03, 1991@13:00"/>
<SpecialtyCdr value="1310"/>
<TreatedForScCondition value="NO"/>
<TransferDrg value="DRG430"/>
<LosingService value="P"/>
<TransferDate value="OCT 03, 1991@13:00"/>
<LosInService value="868"/>
<Provider value="PROVIDER,THIRTEEN"/>
<CumulativeLos value="1051"/>
<PsychiatryClassSeverity value="MILD"/>
<CurrentPsychClassAssess value="0"/>
<HighLevelPsychClass value="45"/>
</MovementRecord>
</FLD501>
<FLD535>
<PhysicalMovement>
<PhysicalMovement value="1"/>
<LosingWardSpecialty value="ACUTE PSYCHIATRY (45 DAYS)"/>
<LeaveDays value="0"/>
<PassDays value="0"/>
<LosingWard value="PSYCHIATRY"/>
<DischargeMovement value="YES"/>
<MovementDate value="OCT 03, 1991@13:00"/>
<LosingWardCdr value="1310"/>
</PhysicalMovement>
</FLD535>
<FLD501>
<MovementRecord>
<MovementRecord value="2"/>
<LosingSpecialty value="GASTROENTEROLOGY"/>
<LeaveDays value="0"/>
<PassDays value="0"/>
<Icd1 value="401.9"/>
<MovementDate value="MAY 18, 1989@08:00"/>
<TreatedForScCondition value="NO"/>
<TransferDrg value="DRG134"/>
<LosingService value="M"/>
<TransferDate value="MAY 18, 1989@08:00"/>
<LosInService value="183"/>
<Provider value="PROVIDER,THIRTEEN"/>
<CumulativeLos value="183"/>
</MovementRecord>
</FLD501>
</Patient>
</PTF>
