<?xml version="1.0" encoding="UTF-8"?>
<AMIE_REPORT>
<Site Name='STOP AND POINT' FacilityNumber='641' Division='STOP AND POINT' />
<File number='396.2' Name='AMIE REPORT' /><Name>
<Key Field='.01' RecNum='30' PatientDfn='17'/>
<Name value= 'ZZZRETFOURFORTYSEVEN,PATIENT' />
<Fld_7132AdmissionDate value= 'JAN 17, 1990@13:00' />
<Fld_7132AdmissionPointer value= '2' />
<Fld_7132Status value= 'READY TO PRINT' />
<Fld_7132RoutingLocation value= '376' />
<Date7132Printed value= '' />
<Fld_7132PrintedBy value= '' />
</Name>
</AMIE_REPORT>